CREATE DATABASE  IF NOT EXISTS `exemplo` /*!40100 DEFAULT CHARACTER SET utf8 COLLATE utf8_general_ci */;
USE `exemplo`;
-- MySQL dump 10.13  Distrib 8.0.41, for Win64 (x86_64)
--
-- Host: 127.0.0.1    Database: exemplo
-- ------------------------------------------------------
-- Server version	5.5.5-10.4.32-MariaDB

/*!40101 SET @OLD_CHARACTER_SET_CLIENT=@@CHARACTER_SET_CLIENT */;
/*!40101 SET @OLD_CHARACTER_SET_RESULTS=@@CHARACTER_SET_RESULTS */;
/*!40101 SET @OLD_COLLATION_CONNECTION=@@COLLATION_CONNECTION */;
/*!50503 SET NAMES utf8 */;
/*!40103 SET @OLD_TIME_ZONE=@@TIME_ZONE */;
/*!40103 SET TIME_ZONE='+00:00' */;
/*!40014 SET @OLD_UNIQUE_CHECKS=@@UNIQUE_CHECKS, UNIQUE_CHECKS=0 */;
/*!40014 SET @OLD_FOREIGN_KEY_CHECKS=@@FOREIGN_KEY_CHECKS, FOREIGN_KEY_CHECKS=0 */;
/*!40101 SET @OLD_SQL_MODE=@@SQL_MODE, SQL_MODE='NO_AUTO_VALUE_ON_ZERO' */;
/*!40111 SET @OLD_SQL_NOTES=@@SQL_NOTES, SQL_NOTES=0 */;

--
-- Table structure for table `amigos`
--

DROP TABLE IF EXISTS `amigos`;
/*!40101 SET @saved_cs_client     = @@character_set_client */;
/*!50503 SET character_set_client = utf8mb4 */;
CREATE TABLE `amigos` (
  `id` int(11) NOT NULL AUTO_INCREMENT,
  `nome` varchar(30) NOT NULL,
  `telefone` varchar(11) DEFAULT NULL,
  PRIMARY KEY (`id`),
  UNIQUE KEY `nome` (`nome`)
) ENGINE=InnoDB DEFAULT CHARSET=utf8 COLLATE=utf8_general_ci;
/*!40101 SET character_set_client = @saved_cs_client */;

--
-- Dumping data for table `amigos`
--

LOCK TABLES `amigos` WRITE;
/*!40000 ALTER TABLE `amigos` DISABLE KEYS */;
/*!40000 ALTER TABLE `amigos` ENABLE KEYS */;
UNLOCK TABLES;
/*!40103 SET TIME_ZONE=@OLD_TIME_ZONE */;

/*!40101 SET SQL_MODE=@OLD_SQL_MODE */;
/*!40014 SET FOREIGN_KEY_CHECKS=@OLD_FOREIGN_KEY_CHECKS */;
/*!40014 SET UNIQUE_CHECKS=@OLD_UNIQUE_CHECKS */;
/*!40101 SET CHARACTER_SET_CLIENT=@OLD_CHARACTER_SET_CLIENT */;
/*!40101 SET CHARACTER_SET_RESULTS=@OLD_CHARACTER_SET_RESULTS */;
/*!40101 SET COLLATION_CONNECTION=@OLD_COLLATION_CONNECTION */;
/*!40111 SET SQL_NOTES=@OLD_SQL_NOTES */;

-- Dump completed on 2025-07-03 12:52:13
CREATE DATABASE  IF NOT EXISTS `phpmyadmin` /*!40100 DEFAULT CHARACTER SET utf8 COLLATE utf8_bin */;
USE `phpmyadmin`;
-- MySQL dump 10.13  Distrib 8.0.41, for Win64 (x86_64)
--
-- Host: 127.0.0.1    Database: phpmyadmin
-- ------------------------------------------------------
-- Server version	5.5.5-10.4.32-MariaDB

/*!40101 SET @OLD_CHARACTER_SET_CLIENT=@@CHARACTER_SET_CLIENT */;
/*!40101 SET @OLD_CHARACTER_SET_RESULTS=@@CHARACTER_SET_RESULTS */;
/*!40101 SET @OLD_COLLATION_CONNECTION=@@COLLATION_CONNECTION */;
/*!50503 SET NAMES utf8 */;
/*!40103 SET @OLD_TIME_ZONE=@@TIME_ZONE */;
/*!40103 SET TIME_ZONE='+00:00' */;
/*!40014 SET @OLD_UNIQUE_CHECKS=@@UNIQUE_CHECKS, UNIQUE_CHECKS=0 */;
/*!40014 SET @OLD_FOREIGN_KEY_CHECKS=@@FOREIGN_KEY_CHECKS, FOREIGN_KEY_CHECKS=0 */;
/*!40101 SET @OLD_SQL_MODE=@@SQL_MODE, SQL_MODE='NO_AUTO_VALUE_ON_ZERO' */;
/*!40111 SET @OLD_SQL_NOTES=@@SQL_NOTES, SQL_NOTES=0 */;

--
-- Table structure for table `pma__bookmark`
--

DROP TABLE IF EXISTS `pma__bookmark`;
/*!40101 SET @saved_cs_client     = @@character_set_client */;
/*!50503 SET character_set_client = utf8mb4 */;
CREATE TABLE `pma__bookmark` (
  `id` int(10) unsigned NOT NULL AUTO_INCREMENT,
  `dbase` varchar(255) NOT NULL DEFAULT '',
  `user` varchar(255) NOT NULL DEFAULT '',
  `label` varchar(255) CHARACTER SET utf8 COLLATE utf8_general_ci NOT NULL DEFAULT '',
  `query` text NOT NULL,
  PRIMARY KEY (`id`)
) ENGINE=InnoDB DEFAULT CHARSET=utf8 COLLATE=utf8_bin COMMENT='Bookmarks';
/*!40101 SET character_set_client = @saved_cs_client */;

--
-- Dumping data for table `pma__bookmark`
--

LOCK TABLES `pma__bookmark` WRITE;
/*!40000 ALTER TABLE `pma__bookmark` DISABLE KEYS */;
/*!40000 ALTER TABLE `pma__bookmark` ENABLE KEYS */;
UNLOCK TABLES;

--
-- Table structure for table `pma__central_columns`
--

DROP TABLE IF EXISTS `pma__central_columns`;
/*!40101 SET @saved_cs_client     = @@character_set_client */;
/*!50503 SET character_set_client = utf8mb4 */;
CREATE TABLE `pma__central_columns` (
  `db_name` varchar(64) NOT NULL,
  `col_name` varchar(64) NOT NULL,
  `col_type` varchar(64) NOT NULL,
  `col_length` text DEFAULT NULL,
  `col_collation` varchar(64) NOT NULL,
  `col_isNull` tinyint(1) NOT NULL,
  `col_extra` varchar(255) DEFAULT '',
  `col_default` text DEFAULT NULL,
  PRIMARY KEY (`db_name`,`col_name`)
) ENGINE=InnoDB DEFAULT CHARSET=utf8 COLLATE=utf8_bin COMMENT='Central list of columns';
/*!40101 SET character_set_client = @saved_cs_client */;

--
-- Dumping data for table `pma__central_columns`
--

LOCK TABLES `pma__central_columns` WRITE;
/*!40000 ALTER TABLE `pma__central_columns` DISABLE KEYS */;
/*!40000 ALTER TABLE `pma__central_columns` ENABLE KEYS */;
UNLOCK TABLES;

--
-- Table structure for table `pma__column_info`
--

DROP TABLE IF EXISTS `pma__column_info`;
/*!40101 SET @saved_cs_client     = @@character_set_client */;
/*!50503 SET character_set_client = utf8mb4 */;
CREATE TABLE `pma__column_info` (
  `id` int(5) unsigned NOT NULL AUTO_INCREMENT,
  `db_name` varchar(64) NOT NULL DEFAULT '',
  `table_name` varchar(64) NOT NULL DEFAULT '',
  `column_name` varchar(64) NOT NULL DEFAULT '',
  `comment` varchar(255) CHARACTER SET utf8 COLLATE utf8_general_ci NOT NULL DEFAULT '',
  `mimetype` varchar(255) CHARACTER SET utf8 COLLATE utf8_general_ci NOT NULL DEFAULT '',
  `transformation` varchar(255) NOT NULL DEFAULT '',
  `transformation_options` varchar(255) NOT NULL DEFAULT '',
  `input_transformation` varchar(255) NOT NULL DEFAULT '',
  `input_transformation_options` varchar(255) NOT NULL DEFAULT '',
  PRIMARY KEY (`id`),
  UNIQUE KEY `db_name` (`db_name`,`table_name`,`column_name`)
) ENGINE=InnoDB DEFAULT CHARSET=utf8 COLLATE=utf8_bin COMMENT='Column information for phpMyAdmin';
/*!40101 SET character_set_client = @saved_cs_client */;

--
-- Dumping data for table `pma__column_info`
--

LOCK TABLES `pma__column_info` WRITE;
/*!40000 ALTER TABLE `pma__column_info` DISABLE KEYS */;
/*!40000 ALTER TABLE `pma__column_info` ENABLE KEYS */;
UNLOCK TABLES;

--
-- Table structure for table `pma__designer_settings`
--

DROP TABLE IF EXISTS `pma__designer_settings`;
/*!40101 SET @saved_cs_client     = @@character_set_client */;
/*!50503 SET character_set_client = utf8mb4 */;
CREATE TABLE `pma__designer_settings` (
  `username` varchar(64) NOT NULL,
  `settings_data` text NOT NULL,
  PRIMARY KEY (`username`)
) ENGINE=InnoDB DEFAULT CHARSET=utf8 COLLATE=utf8_bin COMMENT='Settings related to Designer';
/*!40101 SET character_set_client = @saved_cs_client */;

--
-- Dumping data for table `pma__designer_settings`
--

LOCK TABLES `pma__designer_settings` WRITE;
/*!40000 ALTER TABLE `pma__designer_settings` DISABLE KEYS */;
/*!40000 ALTER TABLE `pma__designer_settings` ENABLE KEYS */;
UNLOCK TABLES;

--
-- Table structure for table `pma__export_templates`
--

DROP TABLE IF EXISTS `pma__export_templates`;
/*!40101 SET @saved_cs_client     = @@character_set_client */;
/*!50503 SET character_set_client = utf8mb4 */;
CREATE TABLE `pma__export_templates` (
  `id` int(5) unsigned NOT NULL AUTO_INCREMENT,
  `username` varchar(64) NOT NULL,
  `export_type` varchar(10) NOT NULL,
  `template_name` varchar(64) NOT NULL,
  `template_data` text NOT NULL,
  PRIMARY KEY (`id`),
  UNIQUE KEY `u_user_type_template` (`username`,`export_type`,`template_name`)
) ENGINE=InnoDB DEFAULT CHARSET=utf8 COLLATE=utf8_bin COMMENT='Saved export templates';
/*!40101 SET character_set_client = @saved_cs_client */;

--
-- Dumping data for table `pma__export_templates`
--

LOCK TABLES `pma__export_templates` WRITE;
/*!40000 ALTER TABLE `pma__export_templates` DISABLE KEYS */;
/*!40000 ALTER TABLE `pma__export_templates` ENABLE KEYS */;
UNLOCK TABLES;

--
-- Table structure for table `pma__favorite`
--

DROP TABLE IF EXISTS `pma__favorite`;
/*!40101 SET @saved_cs_client     = @@character_set_client */;
/*!50503 SET character_set_client = utf8mb4 */;
CREATE TABLE `pma__favorite` (
  `username` varchar(64) NOT NULL,
  `tables` text NOT NULL,
  PRIMARY KEY (`username`)
) ENGINE=InnoDB DEFAULT CHARSET=utf8 COLLATE=utf8_bin COMMENT='Favorite tables';
/*!40101 SET character_set_client = @saved_cs_client */;

--
-- Dumping data for table `pma__favorite`
--

LOCK TABLES `pma__favorite` WRITE;
/*!40000 ALTER TABLE `pma__favorite` DISABLE KEYS */;
/*!40000 ALTER TABLE `pma__favorite` ENABLE KEYS */;
UNLOCK TABLES;

--
-- Table structure for table `pma__history`
--

DROP TABLE IF EXISTS `pma__history`;
/*!40101 SET @saved_cs_client     = @@character_set_client */;
/*!50503 SET character_set_client = utf8mb4 */;
CREATE TABLE `pma__history` (
  `id` bigint(20) unsigned NOT NULL AUTO_INCREMENT,
  `username` varchar(64) NOT NULL DEFAULT '',
  `db` varchar(64) NOT NULL DEFAULT '',
  `table` varchar(64) NOT NULL DEFAULT '',
  `timevalue` timestamp NOT NULL DEFAULT current_timestamp(),
  `sqlquery` text NOT NULL,
  PRIMARY KEY (`id`),
  KEY `username` (`username`,`db`,`table`,`timevalue`)
) ENGINE=InnoDB DEFAULT CHARSET=utf8 COLLATE=utf8_bin COMMENT='SQL history for phpMyAdmin';
/*!40101 SET character_set_client = @saved_cs_client */;

--
-- Dumping data for table `pma__history`
--

LOCK TABLES `pma__history` WRITE;
/*!40000 ALTER TABLE `pma__history` DISABLE KEYS */;
/*!40000 ALTER TABLE `pma__history` ENABLE KEYS */;
UNLOCK TABLES;

--
-- Table structure for table `pma__navigationhiding`
--

DROP TABLE IF EXISTS `pma__navigationhiding`;
/*!40101 SET @saved_cs_client     = @@character_set_client */;
/*!50503 SET character_set_client = utf8mb4 */;
CREATE TABLE `pma__navigationhiding` (
  `username` varchar(64) NOT NULL,
  `item_name` varchar(64) NOT NULL,
  `item_type` varchar(64) NOT NULL,
  `db_name` varchar(64) NOT NULL,
  `table_name` varchar(64) NOT NULL,
  PRIMARY KEY (`username`,`item_name`,`item_type`,`db_name`,`table_name`)
) ENGINE=InnoDB DEFAULT CHARSET=utf8 COLLATE=utf8_bin COMMENT='Hidden items of navigation tree';
/*!40101 SET character_set_client = @saved_cs_client */;

--
-- Dumping data for table `pma__navigationhiding`
--

LOCK TABLES `pma__navigationhiding` WRITE;
/*!40000 ALTER TABLE `pma__navigationhiding` DISABLE KEYS */;
/*!40000 ALTER TABLE `pma__navigationhiding` ENABLE KEYS */;
UNLOCK TABLES;

--
-- Table structure for table `pma__pdf_pages`
--

DROP TABLE IF EXISTS `pma__pdf_pages`;
/*!40101 SET @saved_cs_client     = @@character_set_client */;
/*!50503 SET character_set_client = utf8mb4 */;
CREATE TABLE `pma__pdf_pages` (
  `db_name` varchar(64) NOT NULL DEFAULT '',
  `page_nr` int(10) unsigned NOT NULL AUTO_INCREMENT,
  `page_descr` varchar(50) CHARACTER SET utf8 COLLATE utf8_general_ci NOT NULL DEFAULT '',
  PRIMARY KEY (`page_nr`),
  KEY `db_name` (`db_name`)
) ENGINE=InnoDB DEFAULT CHARSET=utf8 COLLATE=utf8_bin COMMENT='PDF relation pages for phpMyAdmin';
/*!40101 SET character_set_client = @saved_cs_client */;

--
-- Dumping data for table `pma__pdf_pages`
--

LOCK TABLES `pma__pdf_pages` WRITE;
/*!40000 ALTER TABLE `pma__pdf_pages` DISABLE KEYS */;
/*!40000 ALTER TABLE `pma__pdf_pages` ENABLE KEYS */;
UNLOCK TABLES;

--
-- Table structure for table `pma__recent`
--

DROP TABLE IF EXISTS `pma__recent`;
/*!40101 SET @saved_cs_client     = @@character_set_client */;
/*!50503 SET character_set_client = utf8mb4 */;
CREATE TABLE `pma__recent` (
  `username` varchar(64) NOT NULL,
  `tables` text NOT NULL,
  PRIMARY KEY (`username`)
) ENGINE=InnoDB DEFAULT CHARSET=utf8 COLLATE=utf8_bin COMMENT='Recently accessed tables';
/*!40101 SET character_set_client = @saved_cs_client */;

--
-- Dumping data for table `pma__recent`
--

LOCK TABLES `pma__recent` WRITE;
/*!40000 ALTER TABLE `pma__recent` DISABLE KEYS */;
INSERT INTO `pma__recent` VALUES ('root','[{\"db\":\"exemplo\",\"table\":\"amigos\"},{\"db\":\"cadastro\",\"table\":\"pessoas\"}]');
/*!40000 ALTER TABLE `pma__recent` ENABLE KEYS */;
UNLOCK TABLES;

--
-- Table structure for table `pma__relation`
--

DROP TABLE IF EXISTS `pma__relation`;
/*!40101 SET @saved_cs_client     = @@character_set_client */;
/*!50503 SET character_set_client = utf8mb4 */;
CREATE TABLE `pma__relation` (
  `master_db` varchar(64) NOT NULL DEFAULT '',
  `master_table` varchar(64) NOT NULL DEFAULT '',
  `master_field` varchar(64) NOT NULL DEFAULT '',
  `foreign_db` varchar(64) NOT NULL DEFAULT '',
  `foreign_table` varchar(64) NOT NULL DEFAULT '',
  `foreign_field` varchar(64) NOT NULL DEFAULT '',
  PRIMARY KEY (`master_db`,`master_table`,`master_field`),
  KEY `foreign_field` (`foreign_db`,`foreign_table`)
) ENGINE=InnoDB DEFAULT CHARSET=utf8 COLLATE=utf8_bin COMMENT='Relation table';
/*!40101 SET character_set_client = @saved_cs_client */;

--
-- Dumping data for table `pma__relation`
--

LOCK TABLES `pma__relation` WRITE;
/*!40000 ALTER TABLE `pma__relation` DISABLE KEYS */;
/*!40000 ALTER TABLE `pma__relation` ENABLE KEYS */;
UNLOCK TABLES;

--
-- Table structure for table `pma__savedsearches`
--

DROP TABLE IF EXISTS `pma__savedsearches`;
/*!40101 SET @saved_cs_client     = @@character_set_client */;
/*!50503 SET character_set_client = utf8mb4 */;
CREATE TABLE `pma__savedsearches` (
  `id` int(5) unsigned NOT NULL AUTO_INCREMENT,
  `username` varchar(64) NOT NULL DEFAULT '',
  `db_name` varchar(64) NOT NULL DEFAULT '',
  `search_name` varchar(64) NOT NULL DEFAULT '',
  `search_data` text NOT NULL,
  PRIMARY KEY (`id`),
  UNIQUE KEY `u_savedsearches_username_dbname` (`username`,`db_name`,`search_name`)
) ENGINE=InnoDB DEFAULT CHARSET=utf8 COLLATE=utf8_bin COMMENT='Saved searches';
/*!40101 SET character_set_client = @saved_cs_client */;

--
-- Dumping data for table `pma__savedsearches`
--

LOCK TABLES `pma__savedsearches` WRITE;
/*!40000 ALTER TABLE `pma__savedsearches` DISABLE KEYS */;
/*!40000 ALTER TABLE `pma__savedsearches` ENABLE KEYS */;
UNLOCK TABLES;

--
-- Table structure for table `pma__table_coords`
--

DROP TABLE IF EXISTS `pma__table_coords`;
/*!40101 SET @saved_cs_client     = @@character_set_client */;
/*!50503 SET character_set_client = utf8mb4 */;
CREATE TABLE `pma__table_coords` (
  `db_name` varchar(64) NOT NULL DEFAULT '',
  `table_name` varchar(64) NOT NULL DEFAULT '',
  `pdf_page_number` int(11) NOT NULL DEFAULT 0,
  `x` float unsigned NOT NULL DEFAULT 0,
  `y` float unsigned NOT NULL DEFAULT 0,
  PRIMARY KEY (`db_name`,`table_name`,`pdf_page_number`)
) ENGINE=InnoDB DEFAULT CHARSET=utf8 COLLATE=utf8_bin COMMENT='Table coordinates for phpMyAdmin PDF output';
/*!40101 SET character_set_client = @saved_cs_client */;

--
-- Dumping data for table `pma__table_coords`
--

LOCK TABLES `pma__table_coords` WRITE;
/*!40000 ALTER TABLE `pma__table_coords` DISABLE KEYS */;
/*!40000 ALTER TABLE `pma__table_coords` ENABLE KEYS */;
UNLOCK TABLES;

--
-- Table structure for table `pma__table_info`
--

DROP TABLE IF EXISTS `pma__table_info`;
/*!40101 SET @saved_cs_client     = @@character_set_client */;
/*!50503 SET character_set_client = utf8mb4 */;
CREATE TABLE `pma__table_info` (
  `db_name` varchar(64) NOT NULL DEFAULT '',
  `table_name` varchar(64) NOT NULL DEFAULT '',
  `display_field` varchar(64) NOT NULL DEFAULT '',
  PRIMARY KEY (`db_name`,`table_name`)
) ENGINE=InnoDB DEFAULT CHARSET=utf8 COLLATE=utf8_bin COMMENT='Table information for phpMyAdmin';
/*!40101 SET character_set_client = @saved_cs_client */;

--
-- Dumping data for table `pma__table_info`
--

LOCK TABLES `pma__table_info` WRITE;
/*!40000 ALTER TABLE `pma__table_info` DISABLE KEYS */;
/*!40000 ALTER TABLE `pma__table_info` ENABLE KEYS */;
UNLOCK TABLES;

--
-- Table structure for table `pma__table_uiprefs`
--

DROP TABLE IF EXISTS `pma__table_uiprefs`;
/*!40101 SET @saved_cs_client     = @@character_set_client */;
/*!50503 SET character_set_client = utf8mb4 */;
CREATE TABLE `pma__table_uiprefs` (
  `username` varchar(64) NOT NULL,
  `db_name` varchar(64) NOT NULL,
  `table_name` varchar(64) NOT NULL,
  `prefs` text NOT NULL,
  `last_update` timestamp NOT NULL DEFAULT current_timestamp() ON UPDATE current_timestamp(),
  PRIMARY KEY (`username`,`db_name`,`table_name`)
) ENGINE=InnoDB DEFAULT CHARSET=utf8 COLLATE=utf8_bin COMMENT='Tables'' UI preferences';
/*!40101 SET character_set_client = @saved_cs_client */;

--
-- Dumping data for table `pma__table_uiprefs`
--

LOCK TABLES `pma__table_uiprefs` WRITE;
/*!40000 ALTER TABLE `pma__table_uiprefs` DISABLE KEYS */;
/*!40000 ALTER TABLE `pma__table_uiprefs` ENABLE KEYS */;
UNLOCK TABLES;

--
-- Table structure for table `pma__tracking`
--

DROP TABLE IF EXISTS `pma__tracking`;
/*!40101 SET @saved_cs_client     = @@character_set_client */;
/*!50503 SET character_set_client = utf8mb4 */;
CREATE TABLE `pma__tracking` (
  `db_name` varchar(64) NOT NULL,
  `table_name` varchar(64) NOT NULL,
  `version` int(10) unsigned NOT NULL,
  `date_created` datetime NOT NULL,
  `date_updated` datetime NOT NULL,
  `schema_snapshot` text NOT NULL,
  `schema_sql` text DEFAULT NULL,
  `data_sql` longtext DEFAULT NULL,
  `tracking` set('UPDATE','REPLACE','INSERT','DELETE','TRUNCATE','CREATE DATABASE','ALTER DATABASE','DROP DATABASE','CREATE TABLE','ALTER TABLE','RENAME TABLE','DROP TABLE','CREATE INDEX','DROP INDEX','CREATE VIEW','ALTER VIEW','DROP VIEW') DEFAULT NULL,
  `tracking_active` int(1) unsigned NOT NULL DEFAULT 1,
  PRIMARY KEY (`db_name`,`table_name`,`version`)
) ENGINE=InnoDB DEFAULT CHARSET=utf8 COLLATE=utf8_bin COMMENT='Database changes tracking for phpMyAdmin';
/*!40101 SET character_set_client = @saved_cs_client */;

--
-- Dumping data for table `pma__tracking`
--

LOCK TABLES `pma__tracking` WRITE;
/*!40000 ALTER TABLE `pma__tracking` DISABLE KEYS */;
/*!40000 ALTER TABLE `pma__tracking` ENABLE KEYS */;
UNLOCK TABLES;

--
-- Table structure for table `pma__userconfig`
--

DROP TABLE IF EXISTS `pma__userconfig`;
/*!40101 SET @saved_cs_client     = @@character_set_client */;
/*!50503 SET character_set_client = utf8mb4 */;
CREATE TABLE `pma__userconfig` (
  `username` varchar(64) NOT NULL,
  `timevalue` timestamp NOT NULL DEFAULT current_timestamp() ON UPDATE current_timestamp(),
  `config_data` text NOT NULL,
  PRIMARY KEY (`username`)
) ENGINE=InnoDB DEFAULT CHARSET=utf8 COLLATE=utf8_bin COMMENT='User preferences storage for phpMyAdmin';
/*!40101 SET character_set_client = @saved_cs_client */;

--
-- Dumping data for table `pma__userconfig`
--

LOCK TABLES `pma__userconfig` WRITE;
/*!40000 ALTER TABLE `pma__userconfig` DISABLE KEYS */;
INSERT INTO `pma__userconfig` VALUES ('root','2025-07-01 23:18:15','{\"Console\\/Mode\":\"collapse\",\"lang\":\"pt_BR\"}');
/*!40000 ALTER TABLE `pma__userconfig` ENABLE KEYS */;
UNLOCK TABLES;

--
-- Table structure for table `pma__usergroups`
--

DROP TABLE IF EXISTS `pma__usergroups`;
/*!40101 SET @saved_cs_client     = @@character_set_client */;
/*!50503 SET character_set_client = utf8mb4 */;
CREATE TABLE `pma__usergroups` (
  `usergroup` varchar(64) NOT NULL,
  `tab` varchar(64) NOT NULL,
  `allowed` enum('Y','N') NOT NULL DEFAULT 'N',
  PRIMARY KEY (`usergroup`,`tab`,`allowed`)
) ENGINE=InnoDB DEFAULT CHARSET=utf8 COLLATE=utf8_bin COMMENT='User groups with configured menu items';
/*!40101 SET character_set_client = @saved_cs_client */;

--
-- Dumping data for table `pma__usergroups`
--

LOCK TABLES `pma__usergroups` WRITE;
/*!40000 ALTER TABLE `pma__usergroups` DISABLE KEYS */;
/*!40000 ALTER TABLE `pma__usergroups` ENABLE KEYS */;
UNLOCK TABLES;

--
-- Table structure for table `pma__users`
--

DROP TABLE IF EXISTS `pma__users`;
/*!40101 SET @saved_cs_client     = @@character_set_client */;
/*!50503 SET character_set_client = utf8mb4 */;
CREATE TABLE `pma__users` (
  `username` varchar(64) NOT NULL,
  `usergroup` varchar(64) NOT NULL,
  PRIMARY KEY (`username`,`usergroup`)
) ENGINE=InnoDB DEFAULT CHARSET=utf8 COLLATE=utf8_bin COMMENT='Users and their assignments to user groups';
/*!40101 SET character_set_client = @saved_cs_client */;

--
-- Dumping data for table `pma__users`
--

LOCK TABLES `pma__users` WRITE;
/*!40000 ALTER TABLE `pma__users` DISABLE KEYS */;
/*!40000 ALTER TABLE `pma__users` ENABLE KEYS */;
UNLOCK TABLES;
/*!40103 SET TIME_ZONE=@OLD_TIME_ZONE */;

/*!40101 SET SQL_MODE=@OLD_SQL_MODE */;
/*!40014 SET FOREIGN_KEY_CHECKS=@OLD_FOREIGN_KEY_CHECKS */;
/*!40014 SET UNIQUE_CHECKS=@OLD_UNIQUE_CHECKS */;
/*!40101 SET CHARACTER_SET_CLIENT=@OLD_CHARACTER_SET_CLIENT */;
/*!40101 SET CHARACTER_SET_RESULTS=@OLD_CHARACTER_SET_RESULTS */;
/*!40101 SET COLLATION_CONNECTION=@OLD_COLLATION_CONNECTION */;
/*!40111 SET SQL_NOTES=@OLD_SQL_NOTES */;

-- Dump completed on 2025-07-03 12:52:15
CREATE DATABASE  IF NOT EXISTS `cadastro` /*!40100 DEFAULT CHARACTER SET utf8 COLLATE utf8_general_ci */;
USE `cadastro`;
-- MySQL dump 10.13  Distrib 8.0.41, for Win64 (x86_64)
--
-- Host: 127.0.0.1    Database: cadastro
-- ------------------------------------------------------
-- Server version	5.5.5-10.4.32-MariaDB

/*!40101 SET @OLD_CHARACTER_SET_CLIENT=@@CHARACTER_SET_CLIENT */;
/*!40101 SET @OLD_CHARACTER_SET_RESULTS=@@CHARACTER_SET_RESULTS */;
/*!40101 SET @OLD_COLLATION_CONNECTION=@@COLLATION_CONNECTION */;
/*!50503 SET NAMES utf8 */;
/*!40103 SET @OLD_TIME_ZONE=@@TIME_ZONE */;
/*!40103 SET TIME_ZONE='+00:00' */;
/*!40014 SET @OLD_UNIQUE_CHECKS=@@UNIQUE_CHECKS, UNIQUE_CHECKS=0 */;
/*!40014 SET @OLD_FOREIGN_KEY_CHECKS=@@FOREIGN_KEY_CHECKS, FOREIGN_KEY_CHECKS=0 */;
/*!40101 SET @OLD_SQL_MODE=@@SQL_MODE, SQL_MODE='NO_AUTO_VALUE_ON_ZERO' */;
/*!40111 SET @OLD_SQL_NOTES=@@SQL_NOTES, SQL_NOTES=0 */;

--
-- Table structure for table `cursos`
--

DROP TABLE IF EXISTS `cursos`;
/*!40101 SET @saved_cs_client     = @@character_set_client */;
/*!50503 SET character_set_client = utf8mb4 */;
CREATE TABLE `cursos` (
  `idcurso` int(11) NOT NULL DEFAULT 0,
  `nome` varchar(30) NOT NULL,
  `descricao` text DEFAULT NULL,
  `carga` int(10) unsigned DEFAULT NULL,
  `totaulas` int(10) unsigned DEFAULT NULL,
  `ano` year(4) DEFAULT 2016,
  PRIMARY KEY (`idcurso`),
  UNIQUE KEY `nome` (`nome`)
) ENGINE=InnoDB DEFAULT CHARSET=utf8 COLLATE=utf8_general_ci;
/*!40101 SET character_set_client = @saved_cs_client */;

--
-- Dumping data for table `cursos`
--

LOCK TABLES `cursos` WRITE;
/*!40000 ALTER TABLE `cursos` DISABLE KEYS */;
INSERT INTO `cursos` VALUES (1,'HTML5','Curso de HTML5',40,25,2014),(2,'Algoritmos','Lógica de Programação',20,15,2014),(3,'Photoshop5','Dicas de Photoshop CC',20,13,2014),(4,'PHP','Curso de PHP para iniciantes',40,20,2015),(5,'Java','Introdução à Linguagem Java',40,29,2015),(6,'MySQL','Bancos de Dados MySQL',30,15,2016),(7,'Word','Curso completo de Word',40,30,2016),(8,'Python','Curso de Python',40,18,2017),(9,'POO','Curso de Programação Orientada a Objetos',60,35,2016),(10,'Excel','Curso completo de Excel',40,30,2017),(11,'Responsividade','Curso de Responsividade',30,15,2018),(12,'C++','Curso de C++ com Orientação a Objetos',40,25,2017),(13,'C#','Curso de C#',30,12,2017),(14,'Android','Curso de Desenvolvimento de Aplicativos para Android',60,30,2018),(15,'JavaScript','Curso de JavaScript',35,18,2017),(16,'PowerPoint','Curso completo de PowerPoint',30,12,2018),(17,'Swift','Curso de Desenvolvimento de Aplicativos para iOS',60,30,2019),(18,'Hardware','Curso de Montagem e Manutenção de PCs',30,12,2017),(19,'Redes','Curso de Redes para Iniciantes',40,15,2016),(20,'Segurança','Curso de Segurança',15,8,2018),(21,'SEO','Curso de Otimização de Sites',30,12,2017),(22,'Premiere','Curso de Edição de Vídeos com Premiere',20,10,2017),(23,'After Effects','Curso de Efeitos em Vídeos com After Effects',20,10,2018),(24,'WordPress','Curso de Criação de Sites com WordPress',60,30,2019),(25,'Joomla','Curso de Criação de Sites com Joomla',60,30,2019),(26,'Magento','Curso de Criação de Lojas Virtuais com Magento',50,25,2019),(27,'Modelagem de Dados','Curso de Modelagem de Dados',30,12,2020),(29,'PHP7','Curso de PHP, versão 7.0',40,20,2020),(30,'PHP4','Curso de PHP, versão 4.0',30,11,2010);
/*!40000 ALTER TABLE `cursos` ENABLE KEYS */;
UNLOCK TABLES;

--
-- Table structure for table `gafanhoto_assiste_curso`
--

DROP TABLE IF EXISTS `gafanhoto_assiste_curso`;
/*!40101 SET @saved_cs_client     = @@character_set_client */;
/*!50503 SET character_set_client = utf8mb4 */;
CREATE TABLE `gafanhoto_assiste_curso` (
  `id` int(11) NOT NULL AUTO_INCREMENT,
  `data` date DEFAULT NULL,
  `idgafanhoto` int(11) DEFAULT NULL,
  `idcurso` int(11) DEFAULT NULL,
  PRIMARY KEY (`id`),
  KEY `idgafanhoto` (`idgafanhoto`),
  KEY `idcurso` (`idcurso`),
  CONSTRAINT `gafanhoto_assiste_curso_ibfk_1` FOREIGN KEY (`idgafanhoto`) REFERENCES `gafanhotos` (`id`),
  CONSTRAINT `gafanhoto_assiste_curso_ibfk_2` FOREIGN KEY (`idcurso`) REFERENCES `cursos` (`idcurso`)
) ENGINE=InnoDB AUTO_INCREMENT=12 DEFAULT CHARSET=utf8 COLLATE=utf8_general_ci;
/*!40101 SET character_set_client = @saved_cs_client */;

--
-- Dumping data for table `gafanhoto_assiste_curso`
--

LOCK TABLES `gafanhoto_assiste_curso` WRITE;
/*!40000 ALTER TABLE `gafanhoto_assiste_curso` DISABLE KEYS */;
INSERT INTO `gafanhoto_assiste_curso` VALUES (1,'2015-01-02',1,2),(2,'2015-01-02',1,1),(3,'2015-01-02',1,3),(4,'2015-01-02',2,3),(5,'2015-01-02',3,3),(6,'2015-01-02',2,4),(7,'2015-01-02',3,4),(8,'2015-01-02',3,5),(9,'2015-07-06',3,6),(10,'2015-07-06',2,6),(11,'2015-07-19',2,9);
/*!40000 ALTER TABLE `gafanhoto_assiste_curso` ENABLE KEYS */;
UNLOCK TABLES;

--
-- Table structure for table `gafanhotos`
--

DROP TABLE IF EXISTS `gafanhotos`;
/*!40101 SET @saved_cs_client     = @@character_set_client */;
/*!50503 SET character_set_client = utf8mb4 */;
CREATE TABLE `gafanhotos` (
  `id` int(11) NOT NULL AUTO_INCREMENT,
  `nome` varchar(30) NOT NULL,
  `profissao` varchar(20) DEFAULT NULL,
  `nascimento` date DEFAULT NULL,
  `sexo` enum('M','F') DEFAULT NULL,
  `peso` decimal(5,2) DEFAULT NULL,
  `altura` decimal(3,2) DEFAULT NULL,
  `nacionalidade` varchar(20) DEFAULT 'Brasil',
  `cursopreferido` int(11) DEFAULT NULL,
  PRIMARY KEY (`id`),
  KEY `cursopreferido` (`cursopreferido`),
  CONSTRAINT `gafanhotos_ibfk_1` FOREIGN KEY (`cursopreferido`) REFERENCES `cursos` (`idcurso`)
) ENGINE=InnoDB AUTO_INCREMENT=62 DEFAULT CHARSET=utf8 COLLATE=utf8_general_ci;
/*!40101 SET character_set_client = @saved_cs_client */;

--
-- Dumping data for table `gafanhotos`
--

LOCK TABLES `gafanhotos` WRITE;
/*!40000 ALTER TABLE `gafanhotos` DISABLE KEYS */;
INSERT INTO `gafanhotos` VALUES (1,'Daniel Morais','Auxiliar Administrat','1984-01-02','M',78.50,1.83,'Brasil',5),(2,'Talita Nascimento','Farmacêutico','1999-12-30','F',55.20,1.65,'Portugal',10),(3,'Emerson Gabriel','Programador','1920-12-30','M',50.20,1.65,'Moçambique',6),(4,'Lucas Damasceno','Auxiliar Administrat','1930-11-02','M',63.20,1.75,'Irlanda',13),(5,'Leila Martins','Farmacêutico','1975-04-22','F',99.00,2.15,'Brasil',15),(6,'Letícia Neves','Programador','1999-12-03','F',87.00,2.00,'Brasil',30),(7,'Janaína Couto','Auxiliar Administrat','1987-11-12','F',75.40,1.66,'EUA',21),(8,'Carlisson Rosa','Professor','2010-08-01','M',78.22,1.98,'Brasil',1),(9,'Jackson Telles','Programador','1999-01-23','M',55.75,1.33,'Portugal',2),(10,'Danilo Araujo','Dentista','1975-12-10','M',99.21,1.87,'EUA',3),(11,'Andreia Delfino','Auxiliar Administrat','1975-07-01','F',48.64,1.54,'Irlanda',4),(12,'Valter Vilmerson','Ator','1985-10-12','M',88.55,2.03,'Brasil',NULL),(13,'Allan Silva','Programador','1993-11-11','M',76.99,1.55,'Brasil',NULL),(14,'Rosana Kunz','Professor','1935-01-16','F',55.24,1.87,'Brasil',NULL),(15,'Josiane Dutra','Empreendedor','1950-01-20','F',98.70,1.04,'Portugal',NULL),(16,'Elvis Schwarz','Dentista','2011-05-07','M',66.69,1.76,'EUA',NULL),(17,'Paulo Narley','Auxiliar Administrat','1997-03-17','M',120.10,2.22,'Brasil',NULL),(18,'Joade Assis','Médico','1930-12-01','M',65.88,1.78,'França',NULL),(19,'Nara Matos','Programador','1978-03-17','F',65.90,1.33,'Brasil',NULL),(20,'Marcos Dissotti','Empreendedor','2010-01-01','M',53.79,1.54,'Portugal',NULL),(21,'Ana Carolina Mendes','Ator','2000-12-15','F',88.30,1.54,'Brasil',NULL),(22,'Guilherme de Sousa','Dentista','2001-05-18','M',132.70,1.97,'Moçambique',NULL),(23,'Bruno Torres','Auxiliar Administrat','2000-01-30','M',44.65,1.65,'Brasil',NULL),(24,'Yuji Homa','Empreendedor','1996-12-25','M',33.90,1.22,'Japão',NULL),(25,'Raian Porto','Programador','1989-05-05','M',54.89,1.54,'Brasil',NULL),(26,'Paulo Batista','Ator','1999-03-15','M',110.12,1.87,'Portugal',NULL),(27,'Monique Precivalli','Auxiliar Administrat','2013-12-30','F',48.20,1.22,'Brasil',NULL),(28,'Herisson Silva','Auxiliar Administrat','1965-10-10','M',74.65,1.56,'EUA',NULL),(29,'Tiago Ulisses','Dentista','1993-04-22','M',150.30,2.35,'Brasil',NULL),(30,'Anderson Rafael','Programador','1989-12-01','M',64.22,1.44,'Irlanda',NULL),(31,'Karine Ribeiro','Empreendedor','1988-10-01','F',42.10,1.65,'Brasil',NULL),(32,'Roberto Luiz Debarba','Ator','2007-01-09','M',77.44,1.56,'Brasil',NULL),(33,'Jarismar Andrade','Dentista','2000-06-23','F',63.70,1.33,'Brasil',NULL),(34,'Janaina Oliveira','Professor','1955-03-12','F',52.90,1.76,'Canadá',NULL),(35,'Márcio Mello','Programador','2011-11-20','M',54.11,1.55,'EUA',NULL),(36,'Robson Rodolpho','Auxiliar Administrat','2000-08-08','M',110.10,1.76,'Brasil',NULL),(37,'Daniele Moledo','Empreendedor','2006-08-11','F',101.30,1.99,'Brasil',NULL),(38,'Neto Sophiate','Ator','1996-05-17','M',59.28,1.65,'Portugal',NULL),(39,'Neriton Dias','Auxiliar Administrat','2009-10-30','M',48.99,1.29,'Brasil',NULL),(40,'André Schmidt','Programador','1993-07-26','M',55.37,1.22,'Angola',NULL),(41,'Isaias Buscarino','Dentista','2001-01-07','M',99.90,1.55,'Moçambique',NULL),(42,'Rafael Guimma','Empreendedor','1968-04-11','M',88.88,1.54,'Brasil',NULL),(43,'Ana Carolina Hernandes','Ator','1970-10-11','F',65.40,2.08,'EUA',NULL),(44,'Luiz Paulo','Professor','1984-11-01','M',75.12,1.38,'Portugal',NULL),(45,'Bruna Teles','Programador','1980-11-07','F',55.10,1.86,'Brasil',NULL),(46,'Diogo Padilha','Auxiliar Administrat','2000-03-03','M',54.34,1.88,'Angola',NULL),(47,'Bruno Miltersteiner','Dentista','1986-02-19','M',77.45,1.65,'Alemanha',NULL),(48,'Elaine Nunes','Programador','1998-08-15','F',35.90,2.00,'Canadá',NULL),(49,'Silvio Ricardo','Programador','2012-03-12','M',65.99,1.23,'EUA',NULL),(50,'Denilson Barbosa da Silva','Empreendedor','2000-01-08','M',97.30,2.00,'Brasil',NULL),(51,'Jucinei Teixeira','Professor','1977-11-22','F',44.80,1.76,'Portugal',NULL),(52,'Bruna Santos','Auxiliar Administrat','1991-12-01','F',76.30,1.45,'Canadá',NULL),(53,'André Vitebo','Médico','1970-07-01','M',44.11,1.55,'Brasil',NULL),(54,'Andre Santini','Programador','1991-08-15','M',66.00,1.76,'Itália',NULL),(55,'Ruan Valente','Programador','1998-03-19','M',101.90,1.76,'Canadá',NULL),(56,'Nailton Mauricio','Médico','1992-04-25','M',86.01,1.43,'EUA',NULL),(57,'Rita Pontes','Professor','1999-09-02','F',54.10,1.35,'Angola',NULL),(58,'Carlos Camargo','Programador','2005-02-22','M',124.65,1.33,'Brasil',NULL),(59,'Philppe Oliveira','Auxiliar Administrat','2000-05-23','M',105.10,2.19,'Brasil',NULL),(60,'Dayana Dias','Professor','1993-05-30','F',88.30,1.66,'Angola',NULL),(61,'Silvana Albuquerque','Programador','1999-05-22','F',56.00,1.50,'Brasil',NULL);
/*!40000 ALTER TABLE `gafanhotos` ENABLE KEYS */;
UNLOCK TABLES;

--
-- Table structure for table `pessoas`
--

DROP TABLE IF EXISTS `pessoas`;
/*!40101 SET @saved_cs_client     = @@character_set_client */;
/*!50503 SET character_set_client = utf8mb4 */;
CREATE TABLE `pessoas` (
  `matricula` int(11) NOT NULL AUTO_INCREMENT,
  `nome` varchar(30) NOT NULL,
  `prof` varchar(20) DEFAULT NULL,
  `nascimento` date DEFAULT NULL,
  `sexo` enum('M','F') DEFAULT NULL,
  `peso` decimal(5,2) DEFAULT NULL,
  `altura` decimal(3,2) DEFAULT NULL,
  `nacionalidade` varchar(20) DEFAULT 'Brasil',
  PRIMARY KEY (`matricula`)
) ENGINE=InnoDB AUTO_INCREMENT=8 DEFAULT CHARSET=utf8 COLLATE=utf8_general_ci;
/*!40101 SET character_set_client = @saved_cs_client */;

--
-- Dumping data for table `pessoas`
--

LOCK TABLES `pessoas` WRITE;
/*!40000 ALTER TABLE `pessoas` DISABLE KEYS */;
INSERT INTO `pessoas` VALUES (1,'Pedro','TI','2003-01-02','M',110.90,1.95,'Brasil'),(2,'Vitoria','Advogada(Doutora)','2005-01-05','F',60.00,1.54,'Brasil'),(3,'Vinicius','Militar','1997-07-06','M',83.00,1.76,'Brasil'),(4,'Niko',NULL,'1997-07-19','M',79.00,1.80,'Brasil'),(5,'Nicolas',NULL,'1997-07-20','M',79.00,1.80,'Brasil'),(6,'Zaqueu',NULL,'1997-09-19','M',91.80,1.83,'Brasil'),(7,'Senni',NULL,'1995-05-19','M',98.00,1.93,'Brasil');
/*!40000 ALTER TABLE `pessoas` ENABLE KEYS */;
UNLOCK TABLES;
/*!40103 SET TIME_ZONE=@OLD_TIME_ZONE */;

/*!40101 SET SQL_MODE=@OLD_SQL_MODE */;
/*!40014 SET FOREIGN_KEY_CHECKS=@OLD_FOREIGN_KEY_CHECKS */;
/*!40014 SET UNIQUE_CHECKS=@OLD_UNIQUE_CHECKS */;
/*!40101 SET CHARACTER_SET_CLIENT=@OLD_CHARACTER_SET_CLIENT */;
/*!40101 SET CHARACTER_SET_RESULTS=@OLD_CHARACTER_SET_RESULTS */;
/*!40101 SET COLLATION_CONNECTION=@OLD_COLLATION_CONNECTION */;
/*!40111 SET SQL_NOTES=@OLD_SQL_NOTES */;

-- Dump completed on 2025-07-03 12:52:16
